{"cameraMode":{"drawMode":0,"name":"Shaded","section":"Shading Mode"},"sceneLighting":false,"audioPlay":false,"sceneViewState":{"m_AlwaysRefresh":false,"showFog":true,"showSkybox":true,"showFlares":true,"showImageEffects":true,"showParticleSystems":true,"showVisualEffectGraphs":true,"m_FxEnabled":true},"in2DMode":false,"pivot":{"x":23.997922897338868,"y":-3.931983232498169,"z":19.096900939941408},"rotation":{"x":0.1270875334739685,"y":0.39295318722724917,"z":-0.054933659732341769,"w":0.9090772867202759},"size":9.655085563659668,"orthographic":false}